id_radiateur;niveau;circuit;id_local;local;type_dessine;L_dispo_mm;x_m;y_m;P_part_W;facteur_regime;P50_requise_W;modele;P50_cat_W;P_regime_cat_W;statut_selection;parent_RDC;ecart_aplomb_m;enfants_R1;statut_aplomb;raccord_nature;raccord_P_W;raccord_Qv_m3h;raccord_cuivre;raccord_V_ms;raccord_longueur_m;statut;remarque
R0-07-a;RDC;ELEM;R0-07;Salle de classe élémentaire 1;V1500x750;750;0.08;-5.93;2018;0.533;3782;;;;CATALOGUE REQUIS (P50 requise calculée);;;R1-06-a;;branche RDC piquée sur distribution acier + R+1 raccordé(s);4068;0.35;Cu 22x1;0.31;;OK;classe élém. 1, façade
R0-07-b;RDC;ELEM;R0-07;Salle de classe élémentaire 1;V1500x750;750;8.38;-1.02;2018;0.533;3782;;;;CATALOGUE REQUIS (P50 requise calculée);;;;;branche RDC piquée sur distribution acier;2018;0.173;Cu 16x1;0.31;;OK;classe élém. 1, cloison est
R0-06-a;RDC;ELEM;R0-06;Atelier élémentaire 1;V1500x750;750;0.08;-8.9;1693;0.533;3174;;;;CATALOGUE REQUIS (P50 requise calculée);;;R1-05-a;;branche RDC piquée sur distribution acier + R+1 raccordé(s);3510;0.302;Cu 22x1;0.27;;OK;atelier élém. 1, façade
NR-ST1-a;RDC;ELEM;NR-ST1;(absent du bilan);V1500x750;750;8.92;-10.76;;0.511;;;;;FLAG puissance inconnue;;;R1-06-b,NR-ST2-a;;branche RDC piquée sur distribution acier + R+1 raccordé(s);2050;0.176;Cu 16x1;0.32;;A_CONFIRMER;stockage 1 (7,56 m²) absent du bilan émetteurs
R0-05-a;RDC;ELEM;R0-05;Salle de classe élémentaire 2;V1500x750;750;0.08;-16.26;1451;0.533;2720;;;;CATALOGUE REQUIS (P50 requise calculée);;;R1-04-a;;branche RDC piquée sur distribution acier + R+1 raccordé(s);2952;0.254;Cu 22x1;0.22;;OK;classe élém. 2, façade
R0-05-b;RDC;ELEM;R0-05;Salle de classe élémentaire 2;V1500x750;750;8.69;-19.23;1451;0.533;2720;;;;CATALOGUE REQUIS (P50 requise calculée);;;;;branche RDC piquée sur distribution acier;1451;0.125;Cu 14x1;0.31;;OK;classe élém. 2, cloison est
R0-08-a;RDC;ELEM;R0-08;Hall + circulation élémentaire;V1500x750;750;8.21;-13.13;8021;0.533;15038;;;;CATALOGUE REQUIS (P50 requise calculée);;;R1-04-b;;branche RDC piquée sur distribution acier + R+1 raccordé(s);9522;0.819;Cu 28x1;0.43;;A_CONFIRMER;étiqueté 1500x750, angle porte classe 2 / circulation : affecté au hall + circulation élém.
R0-03-a;RDC;ELEM;R0-03;WC élémentaire 2;V1500x750;750;0.68;-24.9;720;0.533;1351;;;;CATALOGUE REQUIS (P50 requise calculée);;;R1-03-a;;branche RDC piquée sur distribution acier + R+1 raccordé(s);2218;0.191;Cu 18x1;0.26;;OK;wc élém. 2
R0-03-b;RDC;ELEM;R0-03;WC élémentaire 2;V1500x750;750;8.92;-27.52;720;0.533;1351;;;;CATALOGUE REQUIS (P50 requise calculée);;;R1-03-b;;branche RDC piquée sur distribution acier + R+1 raccordé(s);2218;0.191;Cu 18x1;0.26;;OK;wc élém. 2
R0-02-a;RDC;ELEM;R0-02;Salle de classe élémentaire 3;V1500x750;750;0.14;-30.49;1348;0.533;2528;;;;CATALOGUE REQUIS (P50 requise calculée);;;R1-02-a;;branche RDC piquée sur distribution acier + R+1 raccordé(s);3212;0.276;Cu 22x1;0.24;;OK;classe élém. 3, façade
R0-02-b;RDC;ELEM;R0-02;Salle de classe élémentaire 3;V1500x750;750;8.64;-34.55;1348;0.533;2528;;;;CATALOGUE REQUIS (P50 requise calculée);;;NR-ST3-a,R1-08-a,R1-01-b;;branche RDC piquée sur distribution acier + R+1 raccordé(s);4712;0.405;Cu 22x1;0.36;;OK;classe élém. 3, cloison est
R0-01-a;RDC;ELEM;R0-01;Salle de classe élémentaire 4;V1500x750;750;0.14;-36.92;1839;0.533;3448;;;;CATALOGUE REQUIS (P50 requise calculée);;;R1-01-a;;branche RDC piquée sur distribution acier + R+1 raccordé(s);3810;0.328;Cu 22x1;0.29;;OK;classe élém. 4, façade
R0-01-b;RDC;ELEM;R0-01;Salle de classe élémentaire 4;V1500x750;750;8.64;-42.17;1839;0.533;3448;;;;CATALOGUE REQUIS (P50 requise calculée);;;;;branche RDC piquée sur distribution acier;1839;0.158;Cu 16x1;0.29;;OK;classe élém. 4, cloison est
R0-13-a;RDC;ELEM;R0-13;WC prof élé + Ménage 2 + SAS;V1500x750;750;12.56;-28.2;531;0.533;996;;;;CATALOGUE REQUIS (P50 requise calculée);;;;;branche RDC piquée sur distribution acier;531;0.046;Cu 12x1;0.16;;A_CONFIRMER;zone SAS / wc prof élé / ménage 2
R0-10-a;RDC;ELEM;R0-10;Salle polyvalente / activités périscolaires;V1500x750;750;12.56;-14.82;3492;0.533;6547;;;;CATALOGUE REQUIS (P50 requise calculée);;;R1-07-a;;branche RDC piquée sur distribution acier + R+1 raccordé(s);4821;0.415;Cu 22x1;0.37;;OK;salle polyvalente
R0-10-b;RDC;ELEM;R0-10;Salle polyvalente / activités périscolaires;V1500x750;750;20.4;-15.3;3492;0.533;6547;;;;CATALOGUE REQUIS (P50 requise calculée);;;;;branche RDC piquée sur distribution acier;3492;0.3;Cu 22x1;0.27;;A_CONFIRMER;étiqueté 1500x750, limite salle / préau
R0-11-a;RDC;ELEM;R0-11;Rangement 1;V1500x750;750;20.49;-27.69;244;0.533;457;;;;CATALOGUE REQUIS (P50 requise calculée);;;;;branche RDC piquée sur distribution acier;244;0.021;Cu 12x1;0.07;;A_CONFIRMER;étiqueté 1500x750, rangement 1
R0-14-a;RDC;ELEM;R0-14;Laverie 1 élémentaire;V1500x750;750;17.61;-31.47;723;0.533;1355;;;;CATALOGUE REQUIS (P50 requise calculée);;;;;branche RDC piquée sur distribution acier;723;0.062;Cu 12x1;0.22;;OK;laverie 1 élém.
R0-09-a;RDC;PERI;R0-09;WC élémentaire 3;V1500x750;750;12.95;-8.14;492;0.533;922;;;;CATALOGUE REQUIS (P50 requise calculée);;;;;branche RDC piquée sur distribution acier;492;0.042;Cu 12x1;0.15;;OK;wc élém. 3
R0-12-a;RDC;PERI;R0-12;Rangement 2;V1500x750;750;18.54;-8.14;455;0.533;853;;;;CATALOGUE REQUIS (P50 requise calculée);;;;;branche RDC piquée sur distribution acier;455;0.039;Cu 12x1;0.14;;OK;rangement 2
R0-37-a;RDC;PERI;R0-37;Direction élémentaire;V1500x750;750;20.35;-6.27;955;0.533;1790;;;;CATALOGUE REQUIS (P50 requise calculée);;;;;branche RDC piquée sur distribution acier;955;0.082;Cu 12x1;0.29;;OK;direction élém.
R0-36-a;RDC;PERI;R0-36;Salle des enseignants;V1500x750;750;21.51;-8.64;1301;0.533;2439;;;;CATALOGUE REQUIS (P50 requise calculée);;;;;branche RDC piquée sur distribution acier;1301;0.112;Cu 14x1;0.27;;OK;salle des enseignants
R0-38-a;RDC;PERI;R0-38;Psychologue;V1500x750;750;26.11;-6.19;944;0.533;1770;;;;CATALOGUE REQUIS (P50 requise calculée);;;;;branche RDC piquée sur distribution acier;944;0.081;Cu 12x1;0.29;;A_CONFIRMER;mur mitoyen psychologue / direction périsco
R0-39-a;RDC;PERI;R0-39;Direction périsco;V1500x750;750;26.87;-4.41;1007;0.533;1888;;;;CATALOGUE REQUIS (P50 requise calculée);;;;;branche RDC piquée sur distribution acier;1007;0.087;Cu 12x1;0.31;;OK;direction périsco
R0-35-a;RDC;PERI;R0-35;Salle des animateurs;V1500x750;750;23.62;-12.45;837;0.533;1569;;;;CATALOGUE REQUIS (P50 requise calculée);;;;;branche RDC piquée sur distribution acier;837;0.072;Cu 12x1;0.25;;OK;salle des animateurs
R0-35-b;RDC;PERI;R0-35;Salle des animateurs;V1500x750;750;29.1;-9.07;837;0.533;1569;;;;CATALOGUE REQUIS (P50 requise calculée);;;;;branche RDC piquée sur distribution acier;837;0.072;Cu 12x1;0.25;;A_CONFIRMER;dos à dos avec RASED
R0-40-a;RDC;PERI;R0-40;Circulation autour B12/B33/C2/D3/B13/C3/D4;V1500x750;750;27.55;-8.19;711;0.533;1333;;;;CATALOGUE REQUIS (P50 requise calculée);;;;;branche RDC piquée sur distribution acier;711;0.061;Cu 12x1;0.22;;A_CONFIRMER;affecté à la circulation PÉRI (n°40)
R0-34-a;RDC;PERI;R0-34;Salle RASED;V1500x750;750;29.41;-9.07;1428;0.533;2677;;;;CATALOGUE REQUIS (P50 requise calculée);;;;;branche RDC piquée sur distribution acier;1428;0.123;Cu 14x1;0.3;;A_CONFIRMER;salle RASED, dos à dos avec animateurs
R0-33-a;RDC;PERI;R0-33;Hall périsco;V1500x750;750;35.47;-9.66;1962;0.533;3678;;;;CATALOGUE REQUIS (P50 requise calculée);;;;;branche RDC piquée sur distribution acier;1962;0.169;Cu 16x1;0.3;;A_CONFIRMER;hall périsco
R0-41-a;RDC;PERI;R0-41;Salle de service des ATSEM et enseignants;V1500x750;750;42.11;-4.41;1911;0.533;3583;;;;CATALOGUE REQUIS (P50 requise calculée);;;;;branche RDC piquée sur distribution acier;1911;0.164;Cu 16x1;0.3;;OK;salle ATSEM
R0-30-a;RDC;PERI;R0-30;Bibliothèque;V1500x750;750;38.47;-8.14;1766;0.533;3312;;;;CATALOGUE REQUIS (P50 requise calculée);;;;;branche RDC piquée sur distribution acier;1766;0.152;Cu 16x1;0.27;;OK;bibliothèque
R0-30-b;RDC;PERI;R0-30;Bibliothèque;V1500x750;750;46.09;-8.52;1766;0.533;3312;;;;CATALOGUE REQUIS (P50 requise calculée);;;;;branche RDC piquée sur distribution acier;1766;0.152;Cu 16x1;0.27;;OK;bibliothèque
R0-31-a;RDC;PERI;R0-31;WC admin 2;V1500x750;750;37.87;-13.3;503;0.533;943;;;;CATALOGUE REQUIS (P50 requise calculée);;;;;branche RDC piquée sur distribution acier;503;0.043;Cu 12x1;0.15;;A_CONFIRMER;cloison wc admin 2 / bibliothèque
R0-15-a;RDC;PERI-RESTAU;R0-15;Cantine élémentaire / Zone de self;PLINTHE;3400;23.32;-28.37;2533;0.533;4749;;;;CATALOGUE REQUIS (P50 requise calculée);;;;;branche RDC piquée sur distribution acier;2533;0.218;Cu 18x1;0.3;;A_CONFIRMER;plinthe cantine / self
R0-15-b;RDC;PERI-RESTAU;R0-15;Cantine élémentaire / Zone de self;PLINTHE;3400;26.75;-28.37;2533;0.533;4749;;;;CATALOGUE REQUIS (P50 requise calculée);;;;;branche RDC piquée sur distribution acier;2533;0.218;Cu 18x1;0.3;;A_CONFIRMER;plinthe cantine / self
R0-15-c;RDC;PERI-RESTAU;R0-15;Cantine élémentaire / Zone de self;PLINTHE;3050;34.66;-28.37;2533;0.533;4749;;;;CATALOGUE REQUIS (P50 requise calculée);;;;;branche RDC piquée sur distribution acier;2533;0.218;Cu 18x1;0.3;;A_CONFIRMER;plinthe cantine / self
R0-16-a;RDC;PERI-RESTAU;R0-16;Cantine élémentaire;PLINTHE;3050;42.19;-28.37;2606;0.533;4885;;;;CATALOGUE REQUIS (P50 requise calculée);;;;;branche RDC piquée sur distribution acier;2606;0.224;Cu 18x1;0.31;;A_CONFIRMER;plinthe cantine E1 (nommée « cantine maternelle » sur CVPS_01)
R0-16-b;RDC;PERI-RESTAU;R0-16;Cantine élémentaire;PLINTHE;2950;46.04;-28.37;2606;0.533;4885;;;;CATALOGUE REQUIS (P50 requise calculée);;;;;branche RDC piquée sur distribution acier;2606;0.224;Cu 18x1;0.31;;A_CONFIRMER;plinthe cantine E1
R0-18-a;RDC;PERI-RESTAU;R0-18;Salle de repos agents;V1500x750;750;21.59;-37.51;935;0.533;1753;;;;CATALOGUE REQUIS (P50 requise calculée);;;;;branche RDC piquée sur distribution acier;935;0.08;Cu 12x1;0.28;;A_CONFIRMER;salle de repos agents 
R0-42-a;RDC;MAT;R0-42;Direction maternelle;V1500x750;750;51.59;-3.34;968;0.533;1815;;;;CATALOGUE REQUIS (P50 requise calculée);;;;;branche RDC piquée sur distribution acier;968;0.083;Cu 12x1;0.29;;OK;direction mat
R0-29-a;RDC;MAT;R0-29;WC maternelle;V1500x750;750;48.2;-10.0;546;0.533;1024;;;;CATALOGUE REQUIS (P50 requise calculée);;;;;branche RDC piquée sur distribution acier;546;0.047;Cu 12x1;0.17;;OK;wc maternelle
R0-29-b;RDC;MAT;R0-29;WC maternelle;V1500x750;750;55.85;-8.19;546;0.533;1024;;;;CATALOGUE REQUIS (P50 requise calculée);;;;;branche RDC piquée sur distribution acier;546;0.047;Cu 12x1;0.17;;OK;wc maternelle
R0-27-a;RDC;MAT;R0-27;Salle de motricité / activités périscolaires maternelles;V1500x750;750;48.29;-13.3;3023;0.533;5667;;;;CATALOGUE REQUIS (P50 requise calculée);;;;;branche RDC piquée sur distribution acier;3023;0.26;Cu 22x1;0.23;;OK;motricité
R0-27-b;RDC;MAT;R0-27;Salle de motricité / activités périscolaires maternelles;V1500x750;750;55.43;-11.95;3023;0.533;5667;;;;CATALOGUE REQUIS (P50 requise calculée);;;;;branche RDC piquée sur distribution acier;3023;0.26;Cu 22x1;0.23;;OK;motricité
R0-27-c;RDC;MAT;R0-27;Salle de motricité / activités périscolaires maternelles;V1500x750;750;58.9;-18.55;3023;0.533;5667;;;;CATALOGUE REQUIS (P50 requise calculée);;;;;branche RDC piquée sur distribution acier;3023;0.26;Cu 22x1;0.23;;A_CONFIRMER;motricité, dos à dos avec classe mat 3
R0-45-a;RDC;MAT;R0-45;Salle de sieste 1;V1500x750;750;70.25;-0.77;1815;0.533;3403;;;;CATALOGUE REQUIS (P50 requise calculée);;;;;branche RDC piquée sur distribution acier;1815;0.156;Cu 16x1;0.28;;OK;sieste 1
R0-45-b;RDC;MAT;R0-45;Salle de sieste 1;V1500x750;750;63.56;-7.8;1815;0.533;3403;;;;CATALOGUE REQUIS (P50 requise calculée);;;;;branche RDC piquée sur distribution acier;1815;0.156;Cu 16x1;0.28;;OK;sieste 1
R0-46-a;RDC;MAT;R0-46;Salle de classe maternelle 1;V1500x750;750;71.68;-0.77;2032;0.533;3809;;;;CATALOGUE REQUIS (P50 requise calculée);;;;;branche RDC piquée sur distribution acier;2032;0.175;Cu 16x1;0.32;;OK;classe mat 1
R0-46-b;RDC;MAT;R0-46;Salle de classe maternelle 1;V1500x750;750;73.21;-8.69;2032;0.533;3809;;;;CATALOGUE REQUIS (P50 requise calculée);;;;;branche RDC piquée sur distribution acier;2032;0.175;Cu 16x1;0.32;;OK;classe mat 1
R0-55-a;RDC;MAT;R0-55;Salle de classe maternelle 3;V1500x750;750;60.09;-11.3;2140;0.533;4011;;;;CATALOGUE REQUIS (P50 requise calculée);;;;;branche RDC piquée sur distribution acier;2140;0.184;Cu 18x1;0.25;;OK;classe mat 3
R0-55-b;RDC;MAT;R0-55;Salle de classe maternelle 3;V1500x750;750;59.46;-18.72;2140;0.533;4011;;;;CATALOGUE REQUIS (P50 requise calculée);;;;;branche RDC piquée sur distribution acier;2140;0.184;Cu 18x1;0.25;;OK;classe mat 3
R0-56-a;RDC;MAT;R0-56;Circulation autour classes matern 1/3/4 + sieste 1;V1500x750;750;75.58;-9.07;1029;0.533;1929;;;;CATALOGUE REQUIS (P50 requise calculée);;;;;branche RDC piquée sur distribution acier;1029;0.088;Cu 12x1;0.31;;A_CONFIRMER;circulation mat 1/3/4 + sieste 1
R0-56-b;RDC;MAT;R0-56;Circulation autour classes matern 1/3/4 + sieste 1;V1500x750;750;66.94;-12.11;1029;0.533;1929;;;;CATALOGUE REQUIS (P50 requise calculée);;;;;branche RDC piquée sur distribution acier;1029;0.088;Cu 12x1;0.31;;A_CONFIRMER;étiqueté 1500x750, cloison mat 3 / mat 4 côté circulation
R0-54-a;RDC;MAT;R0-54;Salle de classe maternelle 4;V1500x750;750;74.77;-12.28;2194;0.533;4114;;;;CATALOGUE REQUIS (P50 requise calculée);;;;;branche RDC piquée sur distribution acier;2194;0.189;Cu 18x1;0.26;;OK;classe mat 4
R0-54-b;RDC;MAT;R0-54;Salle de classe maternelle 4;V1500x750;750;74.77;-18.55;2194;0.533;4114;;;;CATALOGUE REQUIS (P50 requise calculée);;;;;branche RDC piquée sur distribution acier;2194;0.189;Cu 18x1;0.26;;OK;classe mat 4
R0-53-a;RDC;MAT;R0-53;WC maternelle 3;V1500x750;750;75.16;-13.3;468;0.533;877;;;;CATALOGUE REQUIS (P50 requise calculée);;;;;branche RDC piquée sur distribution acier;468;0.04;Cu 12x1;0.14;;OK;wc mat 3
R0-47-a;RDC;MAT;R0-47;Salle de classe maternelle 2;V1500x750;750;89.07;-0.77;2030;0.533;3807;;;;CATALOGUE REQUIS (P50 requise calculée);;;;;branche RDC piquée sur distribution acier;2030;0.175;Cu 16x1;0.32;;OK;classe mat 2
R0-47-b;RDC;MAT;R0-47;Salle de classe maternelle 2;V1500x750;750;90.09;-8.69;2030;0.533;3807;;;;CATALOGUE REQUIS (P50 requise calculée);;;;;branche RDC piquée sur distribution acier;2030;0.175;Cu 16x1;0.32;;OK;classe mat 2
R0-48-a;RDC;MAT;R0-48;Salle de sieste 2;V1500x750;750;96.77;-0.77;1776;0.533;3331;;;;CATALOGUE REQUIS (P50 requise calculée);;;;;branche RDC piquée sur distribution acier;1776;0.153;Cu 16x1;0.28;;OK;sieste 2
R0-48-b;RDC;MAT;R0-48;Salle de sieste 2;V1500x750;750;103.6;-7.8;1776;0.533;3331;;;;CATALOGUE REQUIS (P50 requise calculée);;;;;branche RDC piquée sur distribution acier;1776;0.153;Cu 16x1;0.28;;OK;sieste 2
R0-52-a;RDC;MAT;R0-52;Circulation autour classes matern 2/5/6 + sieste 2;V1500x750;750;93.98;-11.27;4390;0.533;8230;;;;CATALOGUE REQUIS (P50 requise calculée);;;;;branche RDC piquée sur distribution acier;4390;0.377;Cu 22x1;0.33;;A_CONFIRMER;circulation mat 2/5/6 + sieste 2
R0-51-a;RDC;MAT;R0-51;WC maternelle 4;V1500x750;750;90.8;-12.28;2956;0.533;5542;;;;CATALOGUE REQUIS (P50 requise calculée);;;;;branche RDC piquée sur distribution acier;2956;0.254;Cu 22x1;0.22;;A_CONFIRMER;cloison LT eau / wc mat 4
R0-50-a;RDC;MAT;R0-50;Salle de classe maternelle 5;V1500x750;750;92.37;-12.28;2140;0.533;4011;;;;CATALOGUE REQUIS (P50 requise calculée);;;;;branche RDC piquée sur distribution acier;2140;0.184;Cu 18x1;0.25;;OK;classe mat 5
R0-50-b;RDC;MAT;R0-50;Salle de classe maternelle 5;V1500x750;750;92.37;-18.72;2140;0.533;4011;;;;CATALOGUE REQUIS (P50 requise calculée);;;;;branche RDC piquée sur distribution acier;2140;0.184;Cu 18x1;0.25;;OK;classe mat 5
R0-49-a;RDC;MAT;R0-49;Salle de classe maternelle 6;V1500x750;750;107.7;-12.03;2603;0.533;4880;;;;CATALOGUE REQUIS (P50 requise calculée);;;;;branche RDC piquée sur distribution acier;2603;0.224;Cu 18x1;0.31;;OK;classe mat 6
R0-49-b;RDC;MAT;R0-49;Salle de classe maternelle 6;V1500x750;750;107.7;-18.55;2603;0.533;4880;;;;CATALOGUE REQUIS (P50 requise calculée);;;;;branche RDC piquée sur distribution acier;2603;0.224;Cu 18x1;0.31;;OK;classe mat 6
R0-19-a;RDC;MAT;R0-19;Office cuisine 1 élé + office cuisine 2 mat;V1500x750;750;27.29;-37.68;1506;0.533;2823;;;;CATALOGUE REQUIS (P50 requise calculée);;;;;branche RDC piquée sur distribution acier;1506;0.129;Cu 14x1;0.32;;OK;office cuisine élé
R0-19-b;RDC;MAT;R0-19;Office cuisine 1 élé + office cuisine 2 mat;V1500x750;750;43.12;-36.92;1506;0.533;2823;;;;CATALOGUE REQUIS (P50 requise calculée);;;;;branche RDC piquée sur distribution acier;1506;0.129;Cu 14x1;0.32;;OK;office cuisine mat
R0-20-a;RDC;MAT;R0-20;Laverie 2 mat;V1500x750;750;45.83;-37.09;952;0.533;1785;;;;CATALOGUE REQUIS (P50 requise calculée);;;;;branche RDC piquée sur distribution acier;952;0.082;Cu 12x1;0.29;;OK;laverie 2 mat
R0-25-a;RDC;MAT;R0-25;Vestiaires 2;V1500x750;750;49.9;-32.86;1850;0.511;3622;;;;CATALOGUE REQUIS (P50 requise calculée);;;;;branche RDC piquée sur distribution acier;1850;0.159;Cu 16x1;0.29;;OK;vestiaires 2
R0-21-a;RDC;MAT;R0-21;Vestiaire 1;V1500x750;750;50.1;-38.87;2128;0.511;4167;;;;CATALOGUE REQUIS (P50 requise calculée);;;;;branche RDC piquée sur distribution acier;2128;0.183;Cu 18x1;0.25;;OK;vestiaire 1
R0-24-a;RDC;MAT;R0-24;Ménage;V1500x750;750;48.29;-29.13;637;0.533;1194;;;;CATALOGUE REQUIS (P50 requise calculée);;;;;branche RDC piquée sur distribution acier;637;0.055;Cu 12x1;0.19;;A_CONFIRMER;ménage E10
R0-26-a;RDC;MAT;R0-26;Local stockage matériel d'animation;V1500x750;750;55.06;-31.08;704;0.533;1320;;;;CATALOGUE REQUIS (P50 requise calculée);;;;;branche RDC piquée sur distribution acier;704;0.061;Cu 12x1;0.21;;OK;local stockage matériel d'animation
R0-28-a;RDC;MAT;R0-28;Couloir le long salle de motricité A23 - Zone maternelle;V1500x750;750;53.94;-34.81;2156;0.533;4043;;;;CATALOGUE REQUIS (P50 requise calculée);;;;;branche RDC piquée sur distribution acier;2156;0.185;Cu 18x1;0.26;;A_CONFIRMER;couloir le long de la salle de motricité
R0-28-b;RDC;MAT;R0-28;Couloir le long salle de motricité A23 - Zone maternelle;V1500x750;750;52.69;-34.55;2156;0.533;4043;;;;CATALOGUE REQUIS (P50 requise calculée);;;;;branche RDC piquée sur distribution acier;2156;0.185;Cu 18x1;0.26;;A_CONFIRMER;couloir le long de la salle de motricité
R0-22-a;RDC;MAT;R0-22;Buanderie;V1500x750;750;53.45;-38.45;1357;0.533;2544;;;;CATALOGUE REQUIS (P50 requise calculée);;;;;branche RDC piquée sur distribution acier;1357;0.117;Cu 14x1;0.29;;OK;buanderie
R0-23-a;RDC;MAT;R0-23;WC maternelle 2;V1500x750;750;55.73;-37.35;1243;0.533;2330;;;;CATALOGUE REQUIS (P50 requise calculée);;;;;branche RDC piquée sur distribution acier;1243;0.107;Cu 14x1;0.26;;OK;wc maternelle 2
R1-06-a;R+1;ELEM;R1-06;Salle de classe élémentaire 5;NON_SPECIFIE;1000;0.06;-2.23;2050;0.533;3844;;;;CATALOGUE REQUIS (P50 requise calculée);R0-07-a;3.7;;FLAG aucun radiateur RDC à ≤ 1.0 m - proposition provisoire = radiateur RDC ELEM le plus proche + 3.7 m en plafond RDC (à valider);lien vertical R+1 depuis radiateur RDC (traversée de dalle);2050;0.176;Cu 16x1;0.32;7.2;OK;classe élém. 5, façade
R1-06-b;R+1;ELEM;R1-06;Salle de classe élémentaire 5;NON_SPECIFIE;1000;7.62;-7.68;2050;0.533;3844;;;;CATALOGUE REQUIS (P50 requise calculée);NR-ST1-a;3.34;;FLAG aucun radiateur RDC à ≤ 1.0 m - proposition provisoire = radiateur RDC ELEM le plus proche + 3.3 m en plafond RDC (à valider);lien vertical R+1 depuis radiateur RDC (traversée de dalle);2050;0.176;Cu 16x1;0.32;6.84;OK;classe élém. 5, côté porte
R1-05-a;R+1;ELEM;R1-05;Atelier élémentaire 2;NON_SPECIFIE;1000;0.06;-9.52;1817;0.533;3406;;;;CATALOGUE REQUIS (P50 requise calculée);R0-06-a;0.62;;OK radiateur RDC à l'aplomb;lien vertical R+1 depuis radiateur RDC (traversée de dalle);1817;0.156;Cu 16x1;0.28;4.12;OK;atelier élém. 2, façade
NR-ST2-a;R+1;ELEM;NR-ST2;(absent du bilan);NON_SPECIFIE;750;8.89;-10.79;;0.511;;;;;FLAG puissance inconnue;NR-ST1-a;0.04;;OK radiateur RDC à l'aplomb;lien vertical R+1 depuis radiateur RDC (traversée de dalle);0;0.0;Cu 12x1;;3.54;A_CONFIRMER;stockage 2 absent du bilan émetteurs
R1-07-a;R+1;ELEM;R1-07;WC élémentaire 4;NON_SPECIFIE;750;14.78;-10.5;1329;0.533;2492;;;;CATALOGUE REQUIS (P50 requise calculée);R0-10-a;4.86;;FLAG aucun radiateur RDC à ≤ 1.0 m - proposition provisoire = radiateur RDC ELEM le plus proche + 4.9 m en plafond RDC (à valider);lien vertical R+1 depuis radiateur RDC (traversée de dalle);1329;0.114;Cu 14x1;0.28;8.36;OK;wc élém. 4
R1-04-a;R+1;ELEM;R1-04;Salle de classe élémentaire 6;NON_SPECIFIE;1000;0.75;-20.32;1500;0.533;2813;;;;CATALOGUE REQUIS (P50 requise calculée);R0-05-a;4.11;;FLAG aucun radiateur RDC à ≤ 1.0 m - proposition provisoire = radiateur RDC ELEM le plus proche + 4.1 m en plafond RDC (à valider);lien vertical R+1 depuis radiateur RDC (traversée de dalle);1500;0.129;Cu 14x1;0.32;7.61;A_CONFIRMER;classe élém. 6 : mur escalier (CVPS_02) / façade (ARCH_03)
R1-04-b;R+1;ELEM;R1-04;Salle de classe élémentaire 6;NON_SPECIFIE;1000;7.99;-13.33;1500;0.533;2813;;;;CATALOGUE REQUIS (P50 requise calculée);R0-08-a;0.3;;OK radiateur RDC à l'aplomb;lien vertical R+1 depuis radiateur RDC (traversée de dalle);1500;0.129;Cu 14x1;0.32;3.8;OK;classe élém. 6, côté porte
R1-03-a;R+1;ELEM;R1-03;Salle de classe élémentaire 7;NON_SPECIFIE;1000;0.75;-23.07;1498;0.533;2808;;;;CATALOGUE REQUIS (P50 requise calculée);R0-03-a;1.83;;FLAG aucun radiateur RDC à ≤ 1.0 m - proposition provisoire = radiateur RDC ELEM le plus proche + 1.8 m en plafond RDC (à valider);lien vertical R+1 depuis radiateur RDC (traversée de dalle);1498;0.129;Cu 14x1;0.32;5.33;A_CONFIRMER;classe élém. 7 : mur escalier (CVPS_02) / façade (ARCH_03)
R1-03-b;R+1;ELEM;R1-03;Salle de classe élémentaire 7;NON_SPECIFIE;1000;8.02;-30.06;1498;0.533;2808;;;;CATALOGUE REQUIS (P50 requise calculée);R0-03-b;2.69;;FLAG aucun radiateur RDC à ≤ 1.0 m - proposition provisoire = radiateur RDC ELEM le plus proche + 2.7 m en plafond RDC (à valider);lien vertical R+1 depuis radiateur RDC (traversée de dalle);1498;0.129;Cu 14x1;0.32;6.19;OK;classe élém. 7, côté porte
R1-02-a;R+1;ELEM;R1-02;Atelier élémentaire 3;NON_SPECIFIE;1000;0.06;-32.65;1863;0.533;3493;;;;CATALOGUE REQUIS (P50 requise calculée);R0-02-a;2.16;;FLAG aucun radiateur RDC à ≤ 1.0 m - proposition provisoire = radiateur RDC ELEM le plus proche + 2.2 m en plafond RDC (à valider);lien vertical R+1 depuis radiateur RDC (traversée de dalle);1863;0.16;Cu 16x1;0.29;5.66;OK;atelier élém. 3, façade
NR-ST3-a;R+1;ELEM;NR-ST3;(absent du bilan);NON_SPECIFIE;750;8.89;-32.02;;0.511;;;;;FLAG puissance inconnue;R0-02-b;2.54;;FLAG aucun radiateur RDC à ≤ 1.0 m - proposition provisoire = radiateur RDC ELEM le plus proche + 2.5 m en plafond RDC (à valider);lien vertical R+1 depuis radiateur RDC (traversée de dalle);0;0.0;Cu 12x1;;6.04;A_CONFIRMER;stockage 3 absent du bilan émetteurs
R1-08-a;R+1;ELEM;R1-08;WC élémentaire 5;NON_SPECIFIE;750;13.2;-34.33;1392;0.533;2610;;;;CATALOGUE REQUIS (P50 requise calculée);R0-02-b;4.57;;FLAG aucun radiateur RDC à ≤ 1.0 m - proposition provisoire = radiateur RDC ELEM le plus proche + 4.6 m en plafond RDC (à valider);lien vertical R+1 depuis radiateur RDC (traversée de dalle);1392;0.12;Cu 14x1;0.29;8.07;OK;wc élém. 5
R1-01-b;R+1;ELEM;R1-01;Salle de classe élémentaire 8;NON_SPECIFIE;1000;7.79;-35.89;1972;0.533;3696;;;;CATALOGUE REQUIS (P50 requise calculée);R0-02-b;1.59;;FLAG aucun radiateur RDC à ≤ 1.0 m - proposition provisoire = radiateur RDC ELEM le plus proche + 1.6 m en plafond RDC (à valider);lien vertical R+1 depuis radiateur RDC (traversée de dalle);1972;0.17;Cu 16x1;0.31;5.09;OK;classe élém. 8, côté porte
R1-01-a;R+1;ELEM;R1-01;Salle de classe élémentaire 8;NON_SPECIFIE;1000;0.08;-42.0;1972;0.533;3696;;;;CATALOGUE REQUIS (P50 requise calculée);R0-01-a;5.08;;FLAG aucun radiateur RDC à ≤ 1.0 m - proposition provisoire = radiateur RDC ELEM le plus proche + 5.1 m en plafond RDC (à valider);lien vertical R+1 depuis radiateur RDC (traversée de dalle);1972;0.17;Cu 16x1;0.31;8.58;OK;classe élém. 8, façade
