dn;designation;d_int_mm;v_max;qv_max_m3h;p_max_kW_projet;p_dt10_manuscrit;remarque
15;15/21;16.6;0.32;0.249;2.9;2.9;Qv corrigé à la main 0,25 -> 0,3
20;20/27;22.2;0.4;0.557;6.48;6.5;
25;26/34;27.9;0.45;0.99;11.52;11.6;
32;33/42;36.6;0.55;2.083;24.23;24.36;
40;40/49;42.5;0.6;3.064;35.64;35.96;
50;50/60;53.8;0.7;5.729;66.62;66.12;
65;66/76;68.8;0.85;11.376;132.3;132.44;DN corrigé à la main en 65
80;80/89;82.5;1.0;19.244;223.81;222;
100;102/114;107.1;1.6;51.891;603.49;602;
125;125/133;125.0;1.8;79.522;924.84;922;
150;159/4,5;159.3;2.0;143.501;1668.91;1663.44;ATTENTION d_int imprimé 159.3 = incohérent (159 - 2x4,5 = 150 mm) -> voir D-12
175;193/5,4;182.5;2.25;211.885;2464.22;2456;
200;219/5,6;206.5;2.5;301.42;3505.52;3496;
250;273/6,6;260.4;2.9;555.997;6466.24;6446;
