circuit;troncon_id;amont_id;longueur_m;radiateurs;P_cumul_kW;Qv_m3h;DN;designation;V_ms;V_max_ms;Re;J_Pa_m;dP_lin_Pa;dP_sing_Pa;dP_AR_Pa;alerte
ELEM-R1;S01;SOURCE;3.1;;21.08;1.813;32;33/42;0.48;0.55;31676;81.2;252;76;654;
ELEM-R1;B-WC5;S01;1.1;R1-09-a;0.81;0.069;15;15/21;0.09;0.32;2673;11.2;12;4;32;
ELEM-R1;S02;S01;3.1;;20.27;1.743;32;33/42;0.46;0.55;30464;75.5;234;70;609;
ELEM-R1;S03;S02;1.6;;3.71;0.319;20;20/27;0.23;0.4;9195;40.2;64;19;167;
ELEM-R1;S04;S03;1.9;;3.71;0.319;20;20/27;0.23;0.4;9195;40.2;76;23;199;
ELEM-R1;B-C8b;S04;1.0;R1-10-b;1.86;0.16;15;15/21;0.2;0.32;6149;48.0;48;14;125;
ELEM-R1;B-C8a;S04;16.8;R1-10-a;1.86;0.16;15;15/21;0.2;0.32;6149;48.0;806;242;2096;
ELEM-R1;S05;S02;1.0;;16.56;1.424;32;33/42;0.38;0.55;24886;52.1;52;16;135;
ELEM-R1;B-ST3;S05;1.9;R1-08-a;0.45;0.039;15;15/21;0.05;0.32;1491;3.2;6;2;16;
ELEM-R1;S06;S05;2.4;;16.11;1.385;32;33/42;0.37;0.55;24210;49.6;119;36;309;
ELEM-R1;S07;S06;1.5;;3.75;0.323;20;20/27;0.23;0.4;9292;40.9;61;18;160;
ELEM-R1;B-C7b;S07;0.9;R1-06-b;1.85;0.159;15;15/21;0.2;0.32;6132;47.8;43;13;112;
ELEM-R1;B-AT3;S07;10.9;R1-07-a;1.9;0.163;15;15/21;0.21;0.32;6294;50.0;545;164;1418;
ELEM-R1;S08;S06;7.2;;12.36;1.063;32;33/42;0.28;0.55;18574;30.6;220;66;573;
ELEM-R1;B-C7a;S08;8.7;R1-06-a;1.85;0.159;15;15/21;0.2;0.32;6132;47.8;415;125;1080;
ELEM-R1;S09;S08;2.9;;10.51;0.904;25;26/34;0.41;0.45;20718;86.4;250;75;651;
ELEM-R1;B-C6a;S09;8.8;R1-05-a;1.85;0.159;15;15/21;0.2;0.32;6132;47.8;420;126;1093;
ELEM-R1;S10;S09;7.3;;8.66;0.745;25;26/34;0.34;0.45;17069;60.6;443;133;1151;
ELEM-R1;S11;S10;1.5;;3.69;0.317;20;20/27;0.23;0.4;9143;39.8;60;18;155;
ELEM-R1;B-C6b;S11;0.9;R1-05-b;1.85;0.159;15;15/21;0.2;0.32;6132;47.8;43;13;112;
ELEM-R1;B-AT2;S11;11.6;R1-02-a;1.84;0.158;15;15/21;0.2;0.32;6096;47.3;548;164;1425;
ELEM-R1;S12;S10;1.7;;4.97;0.427;20;20/27;0.31;0.4;12309;67.9;115;35;300;
ELEM-R1;B-ST2;S12;1.7;R1-03-a;0.45;0.039;15;15/21;0.05;0.32;1491;3.2;5;2;14;
ELEM-R1;S13;S12;1.7;;4.52;0.389;20;20/27;0.28;0.4;11194;57.2;97;29;253;
ELEM-R1;B-WC4;S13;6.1;R1-04-a;0.8;0.068;15;15/21;0.09;0.32;2634;10.9;66;20;173;
ELEM-R1;S14;S13;2.5;;3.72;0.32;20;20/27;0.23;0.4;9225;40.4;101;30;263;
ELEM-R1;S15;S14;1.9;;3.72;0.32;20;20/27;0.23;0.4;9225;40.4;77;23;200;
ELEM-R1;B-C5b;S15;1.0;R1-01-b;1.86;0.16;15;15/21;0.21;0.32;6168;48.3;48;14;125;
ELEM-R1;B-C5a;S15;16.7;R1-01-a;1.86;0.16;15;15/21;0.21;0.32;6168;48.3;806;242;2095;
