circuit;id_radiateur;critique;longueur_aller_m;dP_chemin_Pa;exces_a_laminer_Pa;HMT_circuit_mCE;troncons
ELEM-R1;R1-09-a;;4.2;10686;6507;1.72;S01 > B-WC5
ELEM-R1;R1-10-b;;10.7;11754;5439;1.72;S01 > S02 > S03 > S04 > B-C8b
ELEM-R1;R1-10-a;;26.5;13725;3468;1.72;S01 > S02 > S03 > S04 > B-C8a
ELEM-R1;R1-08-a;;9.1;11414;5779;1.72;S01 > S02 > S05 > B-ST3
ELEM-R1;R1-06-b;;12.0;11979;5214;1.72;S01 > S02 > S05 > S06 > S07 > B-C7b
ELEM-R1;R1-07-a;;22.0;13285;3908;1.72;S01 > S02 > S05 > S06 > S07 > B-AT3
ELEM-R1;R1-06-a;;25.5;13360;3833;1.72;S01 > S02 > S05 > S06 > S08 > B-C7a
ELEM-R1;R1-05-a;;28.5;14024;3169;1.72;S01 > S02 > S05 > S06 > S08 > S09 > B-C6a
ELEM-R1;R1-05-b;;29.4;14349;2844;1.72;S01 > S02 > S05 > S06 > S08 > S09 > S10 > S11 > B-C6b
ELEM-R1;R1-02-a;;40.1;15662;1531;1.72;S01 > S02 > S05 > S06 > S08 > S09 > S10 > S11 > B-AT2
ELEM-R1;R1-03-a;;30.4;14396;2797;1.72;S01 > S02 > S05 > S06 > S08 > S09 > S10 > S12 > B-ST2
ELEM-R1;R1-04-a;;36.5;14808;2385;1.72;S01 > S02 > S05 > S06 > S08 > S09 > S10 > S12 > S13 > B-WC4
ELEM-R1;R1-01-b;;35.8;15223;1970;1.72;S01 > S02 > S05 > S06 > S08 > S09 > S10 > S12 > S13 > S14 > S15 > B-C5b
ELEM-R1;R1-01-a;OUI;51.5;17193;0;1.72;S01 > S02 > S05 > S06 > S08 > S09 > S10 > S12 > S13 > S14 > S15 > B-C5a
