circuit;troncon_id;amont_id;materiau;longueur_m;radiateurs;P_chaud_kW;Qv_chaud_m3h;DN_chaud;V_chaud_ms;dP_AR_chaud_Pa;Qv_froid_m3h;DN_froid;V_froid_ms;dP_AR_froid_Pa;DN;designation;cas_dimensionnant;P_cumul_kW;Qv_m3h
CTA;CT001;SOURCE;acier;0.39;;299.58;13.5;80;0.7;61;57.636;125;1.3;132;125;125/133;froid;299.58;57.636
CTA;CT002;CT001;acier;11.77;;112.44;5.051;50;0.62;2458;23.353;100;0.72;1610;100;102/114;froid;112.44;23.353
CTA;B-CTA-CUISINE;CT002;acier;1.89;CTA-CUISINE;10.2;0.443;20;0.32;356;1.055;32;0.28;181;32;33/42;froid;10.2;1.055
CTA;CT003;CT002;acier;27.48;;102.24;4.608;50;0.56;4837;22.298;100;0.69;3455;100;102/114;froid;102.24;22.298
CTA;CT004;CT003;acier;30.17;;77.62;3.499;50;0.43;3190;16.948;80;0.88;8247;80;80/89;froid;77.62;16.948
CTA;CT005;CT004;acier;40.26;CTA-MAT-EST;38.14;1.721;32;0.45;7723;8.33;65;0.62;7314;65;66/76;froid;38.14;8.33
CTA;CT006;CT004;acier;5.89;CTA-MAT-OUEST;39.48;1.778;32;0.47;1200;8.618;65;0.64;1138;65;66/76;froid;39.48;8.618
CTA;CT007;CT003;acier;2.57;CTA-MAT-MOTRICITE;24.62;1.109;32;0.29;221;5.35;50;0.65;694;50;50/60;froid;24.62;5.35
CTA;CT008;CT001;acier;0.23;;187.14;8.449;65;0.63;37;34.283;100;1.06;64;100;102/114;froid;187.14;34.283
CTA;CT-R1-MONTEE;CT008;acier;4.45;;187.14;8.449;65;0.63;714;34.283;100;1.06;1235;100;102/114;froid;187.14;34.283
CTA;CT-R1-NORD;CT-R1-MONTEE;acier;1.2;CTA-ELEM-NORD;95.49;4.309;50;0.53;186;14.191;80;0.74;237;80;80/89;froid;95.49;14.191
CTA;CT-R1-SUD;CT-R1-MONTEE;acier;0.49;CTA-ELEM-SUD;91.65;4.14;50;0.51;71;20.092;100;0.62;51;100;102/114;froid;91.65;20.092
