circuit;cas;id_radiateur;critique;longueur_aller_m;dP_chemin_Pa;exces_a_laminer_Pa;HMT_circuit_mCE;troncons
CTA;chaud;CTA-MAT-EST;OUI;110.1;33579;0;3.36;CT001 > CT002 > CT003 > CT004
CTA;chaud;CTA-MAT-OUEST;;75.7;27456;6123;3.36;CT001 > CT002 > CT003 > CT005
CTA;chaud;CTA-MAT-MOTRICITE;;42.2;19987;13592;3.36;CT001 > CT002 > CT006
CTA;chaud;CTA-ELEM-NORD;;6.3;15694;17885;3.36;CT001 > CT007 > CT-R1-MONTEE > CT-R1-NORD
CTA;chaud;CTA-ELEM-SUD;;5.6;15279;18300;3.36;CT001 > CT007 > CT-R1-MONTEE > CT-R1-SUD
CTA;froid;CTA-MAT-EST;;110.1;159123;2324;16.14;CT001 > CT002 > CT003 > CT004
CTA;froid;CTA-MAT-OUEST;OUI;75.7;161447;0;16.14;CT001 > CT002 > CT003 > CT005
CTA;froid;CTA-MAT-MOTRICITE;;42.2;78256;83191;16.14;CT001 > CT002 > CT006
CTA;froid;CTA-ELEM-NORD;;6.3;63064;98383;16.14;CT001 > CT007 > CT-R1-MONTEE > CT-R1-NORD
CTA;froid;CTA-ELEM-SUD;;5.6;111378;50069;16.14;CT001 > CT007 > CT-R1-MONTEE > CT-R1-SUD
