dn_mm;designation;d_int_mm;v_max_ms;qv_table_m3h;p_dt3_kW;p_dt5_kW;p_dt15_kW;p_dt20_kW;p_dt10_manuscrit_kW;remarque
15;15/21;16.6;0.32;0.25;0.87;1.45;4.34;5.78;2.9;Qv corrigé à la main 0,25 -> 0,3
20;20/27;22.2;0.40;0.6;1.94;3.23;9.70;12.93;6.5;
25;26/34;27.9;0.45;1.0;3.44;5.74;17.22;22.97;11.6;
32;33/42;36.6;0.55;2.1;7.25;12.08;36.23;48.30;24.36;
40;40/49;42.5;0.60;3.1;10.66;17.76;53.29;71.05;35.96;
50;50/60;53.8;0.70;5.7;19.93;33.21;99.63;132.84;66.12;
65;66/76;68.8;0.85;11.4;39.57;65.95;197.84;263.79;132.44;DN corrigé à la main en 65
80;80/89;82.5;1.00;19.2;66.94;111.56;334.68;446.24;222;
100;102/114;107.1;1.60;51.9;180.49;300.81;902.44;1203.26;602;
125;125/133;125.0;1.80;79.5;276.59;460.99;1382.97;1843.97;922;
150;159/4,5;159.3;2.00;143.4;499.13;831.88;2495.65;3327.53;1663.44;ATTENTION d_int imprimé 159.3 = incohérent (159 - 2x4,5 = 150 mm) -> voir D-12
175;193/5,4;182.5;2.25;211.8;736.99;1228.31;3684.93;4913.24;2456;
200;219/5,6;206.5;2.50;301.3;1048.41;1747.35;5242.05;6989.41;3496;
250;273/6,6;260.4;2.90;555.7;1933.89;3223.15;9669.44;12892.59;6446;
