circuit;troncon_id;amont_id;longueur_m;zeta_total;radiateurs;dn_impose;commentaire
ELEM-R1;S01;SOURCE;3.1;;;;pied de colonne montante R+1 (symbole montée, wc élém 5) -> té N1
ELEM-R1;B-WC5;S01;1.1;;R1-09-a;;wc élém 5
ELEM-R1;S02;S01;3.1;;;;N1 -> N2 (pied de la nourrice couloir)
ELEM-R1;S03;S02;1.6;;;;N2 -> N3
ELEM-R1;S04;S03;1.9;;;;N3 -> N4 (descente classe 8)
ELEM-R1;B-C8b;S04;1.0;;R1-10-b;;classe 8 radiateur côté porte
ELEM-R1;B-C8a;S04;16.8;;R1-10-a;;classe 8 radiateur façade (pied de mur + façade)
ELEM-R1;S05;S02;1.0;;;;N2 -> N5 (couloir, vers le nord)
ELEM-R1;B-ST3;S05;1.9;;R1-08-a;;stockage 3
ELEM-R1;S06;S05;2.4;;;;N5 -> N6
ELEM-R1;S07;S06;1.5;;;;N6 -> N7 (départ atelier 3)
ELEM-R1;B-C7b;S07;0.9;;R1-06-b;;classe 7 côté porte
ELEM-R1;B-AT3;S07;10.9;;R1-07-a;;atelier 3 façade
ELEM-R1;S08;S06;7.2;;;;N6 -> N8
ELEM-R1;B-C7a;S08;8.7;;R1-06-a;;classe 7 mur escalier (position CVPS_02, cf. D-07)
ELEM-R1;S09;S08;2.9;;;;N8 -> N9
ELEM-R1;B-C6a;S09;8.8;;R1-05-a;;classe 6 mur escalier (position CVPS_02, cf. D-07)
ELEM-R1;S10;S09;7.3;;;;N9 -> N10
ELEM-R1;S11;S10;1.5;;;;N10 -> N11
ELEM-R1;B-C6b;S11;0.9;;R1-05-b;;classe 6 côté porte
ELEM-R1;B-AT2;S11;11.6;;R1-02-a;;atelier 2 façade
ELEM-R1;S12;S10;1.7;;;;N10 -> N12
ELEM-R1;B-ST2;S12;1.7;;R1-03-a;;stockage 2
ELEM-R1;S13;S12;1.7;;;;N12 -> N13
ELEM-R1;B-WC4;S13;6.1;;R1-04-a;;wc élém 4
ELEM-R1;S14;S13;2.5;;;;N13 -> N14
ELEM-R1;S15;S14;1.9;;;;N14 -> N15
ELEM-R1;B-C5b;S15;1.0;;R1-01-b;;classe 5 côté porte
ELEM-R1;B-C5a;S15;16.7;;R1-01-a;;classe 5 façade (tour du local en plinthe/plafond)
