circuit;troncon_id;amont_id;longueur_m;zeta_total;radiateurs;dn_impose;materiau
ELEM;EL001;SOURCE;12.49;;;;acier
ELEM;EL002;EL001;1.68;;;;acier
ELEM;EL003;EL002;5.23;;;;acier
ELEM;EL004;EL003;0.21;;;;acier
ELEM;EL005;EL004;0.49;;;;acier
ELEM;EL006;EL005;3.17;;;;acier
ELEM;EL007;EL006;5.02;;;;acier
ELEM;EL008;EL007;6.89;;;;acier
ELEM;EL009;EL008;0.19;;;;acier
ELEM;EL010;EL009;1.54;;;;acier
ELEM;EL011;EL010;4.94;;;;acier
ELEM;EL012;EL011;8.29;;;;acier
ELEM;EL013;EL012;3.84;;R0-07-a;;cuivre
ELEM;V-R1-06-a;EL013;7.41;;R1-06-a;;cuivre
ELEM;EL014;EL012;2.83;;R0-06-a;;cuivre
ELEM;V-R1-05-a;EL014;4.02;;R1-05-a;;cuivre
ELEM;EL015;EL011;8.85;;R0-07-b;;cuivre
ELEM;EL016;EL010;3.53;;NR-ST1-a;;cuivre
ELEM;V-NR-ST2-a;EL016;3.63;;NR-ST2-a;;cuivre
ELEM;V-R1-06-b;EL016;7.04;;R1-06-b;;cuivre
ELEM;EL017;EL009;2.74;;;;acier
ELEM;EL018;EL017;12.27;;R0-10-b;;cuivre
ELEM;EL019;EL017;3.69;;R0-10-a;;cuivre
ELEM;V-R1-07-a;EL019;8.55;;R1-07-a;;cuivre
ELEM;EL020;EL008;3.8;;R0-08-a;;cuivre
ELEM;V-R1-04-b;EL020;3.69;;R1-04-b;;cuivre
ELEM;EL021;EL007;1.19;;;;acier
ELEM;EL022;EL021;14.23;;R0-05-a;;cuivre
ELEM;V-R1-04-a;EL022;7.38;;R1-04-a;;cuivre
ELEM;EL023;EL021;2.62;;R0-05-b;;cuivre
ELEM;EL024;EL006;2.22;;R0-08-b;;acier
ELEM;EL025;EL024;8.93;;R0-03-a;;cuivre
ELEM;V-R1-03-a;EL025;5.56;;R1-03-a;;cuivre
ELEM;EL026;EL005;3.48;;R0-03-b;;cuivre
ELEM;V-R1-03-b;EL026;6.01;;R1-03-b;;cuivre
ELEM;EL027;EL004;5.14;;R0-13-a;;cuivre
ELEM;EL028;EL003;13.22;;R0-02-a;;cuivre
ELEM;V-R1-02-a;EL028;5.43;;R1-02-a;;cuivre
ELEM;EL029;EL002;5.01;;;;acier
ELEM;EL030;EL029;2.5;;R0-13-b;;cuivre
ELEM;V-R1-08-a;EL030;4.44;;R1-08-a;;cuivre
ELEM;EL031;EL029;7.15;;;;acier
ELEM;EL032;EL031;7.49;;R0-11-a;;cuivre
ELEM;EL033;EL031;2.51;;R0-14-a;;cuivre
ELEM;EL034;EL001;1.33;;;;acier
ELEM;EL035;EL034;11.21;;R0-01-a;;cuivre
ELEM;V-R1-01-a;EL035;8.36;;R1-01-a;;cuivre
ELEM;EL036;EL034;0.0;;;;acier
ELEM;EL037;EL036;3.07;;R0-02-b;;cuivre
ELEM;V-NR-ST3-a;EL037;6.14;;NR-ST3-a;;cuivre
ELEM;V-R1-01-b;EL037;4.99;;R1-01-b;;cuivre
ELEM;EL038;EL036;8.15;;R0-01-b;;cuivre
MAT;MA001;SOURCE;9.2;;;;acier
MAT;MA002;MA001;15.27;;;;acier
MAT;MA003;MA002;2.86;;;;acier
MAT;MA004;MA003;2.9;;;;acier
MAT;MA005;MA004;1.8;;;;acier
MAT;MA006;MA005;3.0;;;;acier
MAT;MA007;MA006;0.41;;;;acier
MAT;MA008;MA007;2.18;;;;acier
MAT;MA009;MA008;27.15;;;;acier
MAT;MA010;MA009;1.79;;;;acier
MAT;MA011;MA010;4.64;;;;acier
MAT;MA012;MA011;4.42;;;;acier
MAT;MA013;MA012;5.87;;R0-29-a;;acier
MAT;MA014;MA013;5.58;;R0-27-a;;cuivre
MAT;MA015;MA012;6.67;;R0-42-a;;cuivre
MAT;MA016;MA011;3.17;;R0-29-b;;cuivre
MAT;MA017;MA010;0.99;;;;acier
MAT;MA018;MA017;7.19;;;;acier
MAT;MA019;MA018;4.24;;;;acier
MAT;MA020;MA019;2.37;;;;acier
MAT;MA021;MA020;1.24;;;;acier
MAT;MA022;MA021;0.31;;;;acier
MAT;MA023;MA022;0.74;;;;acier
MAT;MA024;MA023;13.24;;;;acier
MAT;MA025;MA024;1.98;;;;acier
MAT;MA026;MA025;0.12;;;;acier
MAT;MA027;MA026;1.5;;;;acier
MAT;MA028;MA027;2.22;;;;acier
MAT;MA029;MA028;1.99;;;;acier
MAT;MA030;MA029;12.96;;R0-49-a;;acier
MAT;MA031;MA030;8.45;;R0-49-b;;cuivre
MAT;MA032;MA029;2.6;;;;acier
MAT;MA033;MA032;9.23;;R0-48-a;;cuivre
MAT;MA034;MA032;9.57;;R0-48-b;;cuivre
MAT;MA035;MA028;3.72;;R0-52-a;;cuivre
MAT;MA036;MA027;1.57;;R0-50-a;;acier
MAT;MA037;MA036;8.91;;R0-50-b;;cuivre
MAT;MA038;MA026;3.91;;R0-47-b;;cuivre
MAT;MA039;MA025;4.1;;R0-51-a;;cuivre
MAT;MA040;MA024;11.87;;R0-47-a;;cuivre
MAT;MA041;MA023;6.37;;R0-53-a;;cuivre
MAT;MA042;MA022;3.83;;R0-56-a;;cuivre
MAT;MA043;MA021;1.6;;R0-54-a;;acier
MAT;MA044;MA043;10.47;;R0-54-b;;cuivre
MAT;MA045;MA020;3.99;;R0-46-b;;cuivre
MAT;MA046;MA019;1.7;;;;acier
MAT;MA047;MA046;7.63;;;;acier
MAT;MA048;MA047;2.69;;R0-45-a;;cuivre
MAT;MA049;MA047;2.87;;R0-46-a;;cuivre
MAT;MA050;MA046;9.88;;R0-45-b;;cuivre
MAT;MA051;MA018;5.58;;R0-56-b;;cuivre
MAT;MA052;MA017;1.12;;R0-55-a;;acier
MAT;MA053;MA052;6.87;;R0-55-b;;acier
MAT;MA054;MA053;2.5;;R0-27-c;;cuivre
MAT;MA055;MA009;4.88;;R0-27-b;;cuivre
MAT;MA056;MA008;3.02;;R0-23-a;;cuivre
MAT;MA057;MA007;1.56;;R0-22-a;;acier
MAT;MA058;MA057;2.71;;R0-21-b;;cuivre
MAT;MA059;MA006;1.57;;;;acier
MAT;MA060;MA059;2.62;;R0-28-b;;cuivre
MAT;MA061;MA059;2.79;;R0-28-a;;cuivre
MAT;MA062;MA005;4.78;;R0-21-a;;cuivre
MAT;MA063;MA004;3.25;;;;acier
MAT;MA064;MA063;2.02;;;;acier
MAT;MA065;MA064;3.67;;R0-24-a;;cuivre
MAT;MA066;MA064;8.81;;R0-26-a;;cuivre
MAT;MA067;MA063;4.05;;R0-25-a;;cuivre
MAT;MA068;MA003;3.23;;R0-20-a;;cuivre
MAT;MA069;MA002;3.12;;R0-19-b;;cuivre
MAT;MA070;MA001;3.32;;R0-19-a;;cuivre
PERI;PE001;SOURCE;42.94;;;;acier
PERI;PE002;PE001;6.24;;;;acier
PERI;PE003;PE002;1.5;;;;acier
PERI;PE004;PE003;1.21;;;;acier
PERI;PE005;PE004;1.55;;;;acier
PERI;PE006;PE005;3.36;;;;acier
PERI;PE007;PE006;0.51;;;;acier
PERI;PE008;PE007;2.05;;;;acier
PERI;PE009;PE008;6.39;;;;acier
PERI;PE010;PE009;2.45;;;;acier
PERI;PE011;PE010;3.74;;;;acier
PERI;PE012;PE011;7.74;;R0-30-b;;cuivre
PERI;PE013;PE011;5.16;;R0-41-a;;cuivre
PERI;PE014;PE010;0.0;;;;acier
PERI;PE015;PE014;2.5;;R0-30-a;;cuivre
PERI;PE016;PE014;8.05;;R0-31-a;;cuivre
PERI;PE017;PE009;4.35;;R0-33-a;;cuivre
PERI;PE018;PE008;1.42;;R0-35-b;;acier
PERI;PE019;PE018;2.5;;R0-34-a;;cuivre
PERI;PE020;PE007;0.0;;;;acier
PERI;PE021;PE020;2.5;;R0-38-a;;cuivre
PERI;PE022;PE020;3.57;;R0-40-a;;cuivre
PERI;PE023;PE006;5.17;;R0-39-a;;cuivre
PERI;PE024;PE005;7.84;;R0-35-a;;cuivre
PERI;PE025;PE004;3.99;;R0-36-a;;cuivre
PERI;PE026;PE003;2.88;;R0-37-a;;cuivre
PERI;PE027;PE002;3.5;;R0-12-a;;cuivre
PERI;PE028;PE001;3.51;;R0-09-a;;cuivre
PERI-RESTAU;RE001;SOURCE;0.01;;;;acier
PERI-RESTAU;RE002;RE001;14.8;;;;acier
PERI-RESTAU;RE003;RE002;22.6;;R0-16-b;;acier
PERI-RESTAU;RE004;RE003;3.24;;R0-16-a;;cuivre
PERI-RESTAU;RE005;RE002;10.6;;R0-15-c;;cuivre
PERI-RESTAU;RE006;RE001;0.0;;;;acier
PERI-RESTAU;RE007;RE006;11.19;;R0-15-a;;acier
PERI-RESTAU;RE008;RE007;3.24;;R0-15-b;;cuivre
PERI-RESTAU;RE009;RE006;4.39;;R0-18-a;;cuivre
CTA;CT001;SOURCE;0.39;;;;acier
CTA;CT002;CT001;39.25;;;;acier
CTA;CT003;CT002;30.17;;;;acier
CTA;CT004;CT003;40.26;;CTA-MAT-EST;;acier
CTA;CT005;CT003;5.89;;CTA-MAT-OUEST;;acier
CTA;CT006;CT002;2.57;;CTA-MAT-MOTRICITE;;acier
CTA;CT007;CT001;0.23;;;;acier
CTA;CT-R1-MONTEE;CT007;4.45;;;;acier
CTA;CT-R1-NORD;CT-R1-MONTEE;1.2;;CTA-ELEM-NORD;;acier
CTA;CT-R1-SUD;CT-R1-MONTEE;0.49;;CTA-ELEM-SUD;;acier
